variable_id,actividad_producto_nombre,indicador,unidad_de_medida,alcance_id,alcance_nombre,indice_tiempo,valor
438,Energía biogás,Generación,MWh,6,BUENOS AIRES,40909,0
438,Energía biogás,Generación,MWh,6,BUENOS AIRES,40940,0
438,Energía biogás,Generación,MWh,6,BUENOS AIRES,40969,0
438,Energía biogás,Generación,MWh,6,BUENOS AIRES,41000,0
438,Energía biogás,Generación,MWh,6,BUENOS AIRES,41030,764.92
438,Energía biogás,Generación,MWh,6,BUENOS AIRES,41061,3478.23
438,Energía biogás,Generación,MWh,6,BUENOS AIRES,41091,3395.95
438,Energía biogás,Generación,MWh,6,BUENOS AIRES,41122,2928.67
438,Energía biogás,Generación,MWh,6,BUENOS AIRES,41153,2841.75
438,Energía biogás,Generación,MWh,6,BUENOS AIRES,41183,6902.03
438,Energía biogás,Generación,MWh,6,BUENOS AIRES,41214,7619.76
438,Energía biogás,Generación,MWh,6,BUENOS AIRES,41244,8319.12
438,Energía biogás,Generación,MWh,6,BUENOS AIRES,41275,7893.99
438,Energía biogás,Generación,MWh,6,BUENOS AIRES,41306,7648.21
438,Energía biogás,Generación,MWh,6,BUENOS AIRES,41334,9011.61
438,Energía biogás,Generación,MWh,6,BUENOS AIRES,41365,8457.64
438,Energía biogás,Generación,MWh,6,BUENOS AIRES,41395,9381.07
438,Energía biogás,Generación,MWh,6,BUENOS AIRES,41426,9167.53
438,Energía biogás,Generación,MWh,6,BUENOS AIRES,41456,10502.38
438,Energía biogás,Generación,MWh,6,BUENOS AIRES,41487,9771.55
438,Energía biogás,Generación,MWh,6,BUENOS AIRES,41518,8532.63
438,Energía biogás,Generación,MWh,6,BUENOS AIRES,41548,9232.04
438,Energía biogás,Generación,MWh,6,BUENOS AIRES,41579,9628.18
438,Energía biogás,Generación,MWh,6,BUENOS AIRES,41609,9323.93
438,Energía biogás,Generación,MWh,6,BUENOS AIRES,41640,8846.18
438,Energía biogás,Generación,MWh,6,BUENOS AIRES,41671,8281.12
438,Energía biogás,Generación,MWh,6,BUENOS AIRES,41699,8765.56
438,Energía biogás,Generación,MWh,6,BUENOS AIRES,41730,8054.26
438,Energía biogás,Generación,MWh,6,BUENOS AIRES,41760,9214.2
438,Energía biogás,Generación,MWh,6,BUENOS AIRES,41791,9332.54
438,Energía biogás,Generación,MWh,6,BUENOS AIRES,41821,9257.79
438,Energía biogás,Generación,MWh,6,BUENOS AIRES,41852,8754.62
438,Energía biogás,Generación,MWh,6,BUENOS AIRES,41883,8210.75
438,Energía biogás,Generación,MWh,6,BUENOS AIRES,41913,8722.07
438,Energía biogás,Generación,MWh,6,BUENOS AIRES,41944,7286.48
438,Energía biogás,Generación,MWh,6,BUENOS AIRES,41974,8321.55
438,Energía biogás,Generación,MWh,6,BUENOS AIRES,42005,7930.9
438,Energía biogás,Generación,MWh,6,BUENOS AIRES,42036,6939.99
438,Energía biogás,Generación,MWh,6,BUENOS AIRES,42064,5969.65
438,Energía biogás,Generación,MWh,6,BUENOS AIRES,42095,6597.35
438,Energía biogás,Generación,MWh,6,BUENOS AIRES,42125,7360.37
438,Energía biogás,Generación,MWh,6,BUENOS AIRES,42156,7136.11
438,Energía biogás,Generación,MWh,6,BUENOS AIRES,42186,7041.5
438,Energía biogás,Generación,MWh,6,BUENOS AIRES,42217,7062.82
438,Energía biogás,Generación,MWh,6,BUENOS AIRES,42248,7177.05
438,Energía biogás,Generación,MWh,6,BUENOS AIRES,42278,6822.35
438,Energía biogás,Generación,MWh,6,BUENOS AIRES,42309,6945.9
438,Energía biogás,Generación,MWh,6,BUENOS AIRES,42339,6618.86
438,Energía biogás,Generación,MWh,6,BUENOS AIRES,42370,7094.43
438,Energía biogás,Generación,MWh,6,BUENOS AIRES,42401,5978.13
438,Energía biogás,Generación,MWh,6,BUENOS AIRES,42430,5791.67
438,Energía biogás,Generación,MWh,6,BUENOS AIRES,42461,4863.36
438,Energía biogás,Generación,MWh,6,BUENOS AIRES,42491,3705.49
438,Energía biogás,Generación,MWh,6,BUENOS AIRES,42522,4348.08
438,Energía biogás,Generación,MWh,6,BUENOS AIRES,42552,4753.47
438,Energía biogás,Generación,MWh,6,BUENOS AIRES,42583,4669.96
438,Energía biogás,Generación,MWh,6,BUENOS AIRES,42614,3579.48
438,Energía biogás,Generación,MWh,6,BUENOS AIRES,42644,3790.7
438,Energía biogás,Generación,MWh,6,BUENOS AIRES,42675,4612.87
438,Energía biogás,Generación,MWh,6,BUENOS AIRES,42705,4322.65
438,Energía biogás,Generación,MWh,6,BUENOS AIRES,42736,3387.19
438,Energía biogás,Generación,MWh,6,BUENOS AIRES,42767,3291.33
438,Energía biogás,Generación,MWh,6,BUENOS AIRES,42795,3950.11
438,Energía biogás,Generación,MWh,6,BUENOS AIRES,42826,3410.12
438,Energía biogás,Generación,MWh,6,BUENOS AIRES,42856,4229.61
438,Energía biogás,Generación,MWh,6,BUENOS AIRES,42887,4150.64
438,Energía biogás,Generación,MWh,6,BUENOS AIRES,42917,4701.01
438,Energía biogás,Generación,MWh,6,BUENOS AIRES,42948,5483.45
438,Energía biogás,Generación,MWh,6,BUENOS AIRES,42979,6072.85
438,Energía biogás,Generación,MWh,6,BUENOS AIRES,43009,6923.72
438,Energía biogás,Generación,MWh,6,BUENOS AIRES,43040,6757.15
438,Energía biogás,Generación,MWh,6,BUENOS AIRES,43070,6383.18
438,Energía biogás,Generación,MWh,6,BUENOS AIRES,43101,6962.23
438,Energía biogás,Generación,MWh,6,BUENOS AIRES,43132,5691.35
438,Energía biogás,Generación,MWh,6,BUENOS AIRES,43160,8507.65
438,Energía biogás,Generación,MWh,6,BUENOS AIRES,43191,9635.72
438,Energía biogás,Generación,MWh,6,BUENOS AIRES,43221,11308.62
438,Energía biogás,Generación,MWh,6,BUENOS AIRES,43252,10766.21
438,Energía biogás,Generación,MWh,6,BUENOS AIRES,43282,11008.84
438,Energía biogás,Generación,MWh,6,BUENOS AIRES,43313,11109.45
438,Energía biogás,Generación,MWh,6,BUENOS AIRES,43344,10960.08
438,Energía biogás,Generación,MWh,6,BUENOS AIRES,43374,11686.54
438,Energía biogás,Generación,MWh,6,BUENOS AIRES,43405,11212.65
438,Energía biogás,Generación,MWh,6,BUENOS AIRES,43435,11868.8
438,Energía biogás,Generación,MWh,6,BUENOS AIRES,43466,11786.46
438,Energía biogás,Generación,MWh,6,BUENOS AIRES,43497,10459.69
438,Energía biogás,Generación,MWh,6,BUENOS AIRES,43525,12508.86
438,Energía biogás,Generación,MWh,6,BUENOS AIRES,43556,13840.23
438,Energía biogás,Generación,MWh,6,BUENOS AIRES,43586,14660.57
438,Energía biogás,Generación,MWh,6,BUENOS AIRES,43617,14046.49
438,Energía biogás,Generación,MWh,6,BUENOS AIRES,43647,15040.81
438,Energía biogás,Generación,MWh,6,BUENOS AIRES,43678,14553.11
438,Energía biogás,Generación,MWh,6,BUENOS AIRES,43709,13890.06
438,Energía biogás,Generación,MWh,6,BUENOS AIRES,43739,14550.24
438,Energía biogás,Generación,MWh,6,BUENOS AIRES,43770,14000.04
438,Energía biogás,Generación,MWh,6,BUENOS AIRES,43800,14788.26
438,Energía biogás,Generación,MWh,6,BUENOS AIRES,43831,14414.93
438,Energía biogás,Generación,MWh,6,BUENOS AIRES,43862,13354.39
438,Energía biogás,Generación,MWh,6,BUENOS AIRES,43891,15150.26
438,Energía biogás,Generación,MWh,6,BUENOS AIRES,43922,14737.22
438,Energía biogás,Generación,MWh,6,BUENOS AIRES,43952,15023.8
438,Energía biogás,Generación,MWh,6,BUENOS AIRES,43983,13698.47
438,Energía biogás,Generación,MWh,6,BUENOS AIRES,44013,14719.46
438,Energía biogás,Generación,MWh,6,BUENOS AIRES,44044,14803.06
438,Energía biogás,Generación,MWh,6,BUENOS AIRES,44075,13977.2
438,Energía biogás,Generación,MWh,6,BUENOS AIRES,44105,14324.47
438,Energía biogás,Generación,MWh,6,BUENOS AIRES,44136,13631.27
438,Energía biogás,Generación,MWh,6,BUENOS AIRES,44166,12937.11
438,Energía biogás,Generación,MWh,6,BUENOS AIRES,44197,12473.48
438,Energía biogás,Generación,MWh,6,BUENOS AIRES,44228,11161.49
438,Energía biogás,Generación,MWh,6,BUENOS AIRES,44256,12449.7
438,Energía biogás,Generación,MWh,6,BUENOS AIRES,44287,12827.83
438,Energía biogás,Generación,MWh,6,BUENOS AIRES,44317,12210.3
438,Energía biogás,Generación,MWh,6,BUENOS AIRES,44348,15713.73
438,Energía biogás,Generación,MWh,6,BUENOS AIRES,44378,17018.15
438,Energía biogás,Generación,MWh,6,BUENOS AIRES,44409,17928.68
438,Energía biogás,Generación,MWh,6,BUENOS AIRES,44440,17895.21
438,Energía biogás,Generación,MWh,6,BUENOS AIRES,44470,19329.7
438,Energía biogás,Generación,MWh,6,BUENOS AIRES,44501,18158.09
438,Energía biogás,Generación,MWh,6,BUENOS AIRES,44531,18469.26
438,Energía biogás,Generación,MWh,6,BUENOS AIRES,44562,17679.08
438,Energía biogás,Generación,MWh,6,BUENOS AIRES,44593,16770.49
438,Energía biogás,Generación,MWh,6,BUENOS AIRES,44621,18396.82
438,Energía biogás,Generación,MWh,6,BUENOS AIRES,44652,16018.01
438,Energía biogás,Generación,MWh,6,BUENOS AIRES,44682,16258.25
438,Energía biogás,Generación,MWh,6,BUENOS AIRES,44713,14397.74
438,Energía biogás,Generación,MWh,6,BUENOS AIRES,44743,15579.23
438,Energía biogás,Generación,MWh,6,BUENOS AIRES,44774,15321.05
438,Energía biogás,Generación,MWh,6,BUENOS AIRES,44805,14931.03
438,Energía biogás,Generación,MWh,6,BUENOS AIRES,44835,15627.76
438,Energía biogás,Generación,MWh,6,BUENOS AIRES,44866,14584.53
438,Energía biogás,Generación,MWh,6,BUENOS AIRES,44896,14730.26
438,Energía biogás,Generación,MWh,6,BUENOS AIRES,44927,14844.07
438,Energía biogás,Generación,MWh,6,BUENOS AIRES,44958,13198.26
438,Energía biogás,Generación,MWh,6,BUENOS AIRES,44986,14197.75
438,Energía biogás,Generación,MWh,6,BUENOS AIRES,45017,14840.64
438,Energía biogás,Generación,MWh,6,BUENOS AIRES,45047,15662.59
438,Energía biogás,Generación,MWh,6,BUENOS AIRES,45078,17410.84
438,Energía biogás,Generación,MWh,6,BUENOS AIRES,45108,20628.73
438,Energía biogás,Generación,MWh,6,BUENOS AIRES,45139,21912.08
438,Energía biogás,Generación,MWh,6,BUENOS AIRES,45170,21088.88
438,Energía biogás,Generación,MWh,6,BUENOS AIRES,45200,21119.95
438,Energía biogás,Generación,MWh,6,BUENOS AIRES,45231,21315.06
438,Energía biogás,Generación,MWh,6,BUENOS AIRES,45261,21939.73
438,Energía biogás,Generación,MWh,6,BUENOS AIRES,45292,23048.05
438,Energía biogás,Generación,MWh,6,BUENOS AIRES,45323,20666.03
438,Energía biogás,Generación,MWh,6,BUENOS AIRES,45352,22080.95
438,Energía biogás,Generación,MWh,6,BUENOS AIRES,45383,21280.33
438,Energía biogás,Generación,MWh,6,BUENOS AIRES,45413,22571.12
438,Energía biogás,Generación,MWh,6,BUENOS AIRES,45444,21053.43
438,Energía biogás,Generación,MWh,6,BUENOS AIRES,45474,21194.66
438,Energía biogás,Generación,MWh,6,BUENOS AIRES,45505,22191.18
438,Energía biogás,Generación,MWh,14,CORDOBA,42736,0
438,Energía biogás,Generación,MWh,14,CORDOBA,42767,0
438,Energía biogás,Generación,MWh,14,CORDOBA,42795,0
438,Energía biogás,Generación,MWh,14,CORDOBA,42826,0
438,Energía biogás,Generación,MWh,14,CORDOBA,42856,0
438,Energía biogás,Generación,MWh,14,CORDOBA,42887,0
438,Energía biogás,Generación,MWh,14,CORDOBA,42917,201.17
438,Energía biogás,Generación,MWh,14,CORDOBA,42948,730.83
438,Energía biogás,Generación,MWh,14,CORDOBA,42979,703.43
438,Energía biogás,Generación,MWh,14,CORDOBA,43009,697.49
438,Energía biogás,Generación,MWh,14,CORDOBA,43040,732.92
438,Energía biogás,Generación,MWh,14,CORDOBA,43070,767.38
438,Energía biogás,Generación,MWh,14,CORDOBA,43101,547.1
438,Energía biogás,Generación,MWh,14,CORDOBA,43132,234.82
438,Energía biogás,Generación,MWh,14,CORDOBA,43160,525.7
438,Energía biogás,Generación,MWh,14,CORDOBA,43191,681.1
438,Energía biogás,Generación,MWh,14,CORDOBA,43221,643.92
438,Energía biogás,Generación,MWh,14,CORDOBA,43252,710.21
438,Energía biogás,Generación,MWh,14,CORDOBA,43282,990.76
438,Energía biogás,Generación,MWh,14,CORDOBA,43313,1226.02
438,Energía biogás,Generación,MWh,14,CORDOBA,43344,1203.48
438,Energía biogás,Generación,MWh,14,CORDOBA,43374,2133.07
438,Energía biogás,Generación,MWh,14,CORDOBA,43405,1847.06
438,Energía biogás,Generación,MWh,14,CORDOBA,43435,1773.88
438,Energía biogás,Generación,MWh,14,CORDOBA,43466,1745.06
438,Energía biogás,Generación,MWh,14,CORDOBA,43497,2285.27
438,Energía biogás,Generación,MWh,14,CORDOBA,43525,3038.69
438,Energía biogás,Generación,MWh,14,CORDOBA,43556,3002.67
438,Energía biogás,Generación,MWh,14,CORDOBA,43586,3109.53
438,Energía biogás,Generación,MWh,14,CORDOBA,43617,2901.27
438,Energía biogás,Generación,MWh,14,CORDOBA,43647,3070.61
438,Energía biogás,Generación,MWh,14,CORDOBA,43678,3074.19
438,Energía biogás,Generación,MWh,14,CORDOBA,43709,2574.58
438,Energía biogás,Generación,MWh,14,CORDOBA,43739,2948.68
438,Energía biogás,Generación,MWh,14,CORDOBA,43770,2788.34
438,Energía biogás,Generación,MWh,14,CORDOBA,43800,3096.72
438,Energía biogás,Generación,MWh,14,CORDOBA,43831,3031.48
438,Energía biogás,Generación,MWh,14,CORDOBA,43862,2838.85
438,Energía biogás,Generación,MWh,14,CORDOBA,43891,3226.76
438,Energía biogás,Generación,MWh,14,CORDOBA,43922,3042.53
438,Energía biogás,Generación,MWh,14,CORDOBA,43952,2718.54
438,Energía biogás,Generación,MWh,14,CORDOBA,43983,3691.16
438,Energía biogás,Generación,MWh,14,CORDOBA,44013,4177.17
438,Energía biogás,Generación,MWh,14,CORDOBA,44044,4598.53
438,Energía biogás,Generación,MWh,14,CORDOBA,44075,4329.31
438,Energía biogás,Generación,MWh,14,CORDOBA,44105,5003.25
438,Energía biogás,Generación,MWh,14,CORDOBA,44136,4744.46
438,Energía biogás,Generación,MWh,14,CORDOBA,44166,5133.75
438,Energía biogás,Generación,MWh,14,CORDOBA,44197,6196.73
438,Energía biogás,Generación,MWh,14,CORDOBA,44228,5881.92
438,Energía biogás,Generación,MWh,14,CORDOBA,44256,6969.19
438,Energía biogás,Generación,MWh,14,CORDOBA,44287,6547.9
438,Energía biogás,Generación,MWh,14,CORDOBA,44317,6542.64
438,Energía biogás,Generación,MWh,14,CORDOBA,44348,7327.39
438,Energía biogás,Generación,MWh,14,CORDOBA,44378,7524.17
438,Energía biogás,Generación,MWh,14,CORDOBA,44409,7211.86
438,Energía biogás,Generación,MWh,14,CORDOBA,44440,6654.72
438,Energía biogás,Generación,MWh,14,CORDOBA,44470,7242.4
438,Energía biogás,Generación,MWh,14,CORDOBA,44501,6538.29
438,Energía biogás,Generación,MWh,14,CORDOBA,44531,6852.05
438,Energía biogás,Generación,MWh,14,CORDOBA,44562,6829.29
438,Energía biogás,Generación,MWh,14,CORDOBA,44593,6437.15
438,Energía biogás,Generación,MWh,14,CORDOBA,44621,7521.59
438,Energía biogás,Generación,MWh,14,CORDOBA,44652,7212.31
438,Energía biogás,Generación,MWh,14,CORDOBA,44682,7705.65
438,Energía biogás,Generación,MWh,14,CORDOBA,44713,7388.72
438,Energía biogás,Generación,MWh,14,CORDOBA,44743,8058.05
438,Energía biogás,Generación,MWh,14,CORDOBA,44774,7531.64
438,Energía biogás,Generación,MWh,14,CORDOBA,44805,7277.66
438,Energía biogás,Generación,MWh,14,CORDOBA,44835,7889.54
438,Energía biogás,Generación,MWh,14,CORDOBA,44866,7676.15
438,Energía biogás,Generación,MWh,14,CORDOBA,44896,7998.35
438,Energía biogás,Generación,MWh,14,CORDOBA,44927,6780.94
438,Energía biogás,Generación,MWh,14,CORDOBA,44958,6064.14
438,Energía biogás,Generación,MWh,14,CORDOBA,44986,7679.71
438,Energía biogás,Generación,MWh,14,CORDOBA,45017,7400.3
438,Energía biogás,Generación,MWh,14,CORDOBA,45047,7642.28
438,Energía biogás,Generación,MWh,14,CORDOBA,45078,7271.46
438,Energía biogás,Generación,MWh,14,CORDOBA,45108,8300.6
438,Energía biogás,Generación,MWh,14,CORDOBA,45139,8361.79
438,Energía biogás,Generación,MWh,14,CORDOBA,45170,7849.98
438,Energía biogás,Generación,MWh,14,CORDOBA,45200,8253.3
438,Energía biogás,Generación,MWh,14,CORDOBA,45231,7811.69
438,Energía biogás,Generación,MWh,14,CORDOBA,45261,7528.04
438,Energía biogás,Generación,MWh,14,CORDOBA,45292,7616.31
438,Energía biogás,Generación,MWh,14,CORDOBA,45323,7502.88
438,Energía biogás,Generación,MWh,14,CORDOBA,45352,8123.58
438,Energía biogás,Generación,MWh,14,CORDOBA,45383,8226.48
438,Energía biogás,Generación,MWh,14,CORDOBA,45413,8721.54
438,Energía biogás,Generación,MWh,14,CORDOBA,45444,8902.88
438,Energía biogás,Generación,MWh,14,CORDOBA,45474,9448.94
438,Energía biogás,Generación,MWh,14,CORDOBA,45505,8331.73
438,Energía biogás,Generación,MWh,42,LA PAMPA,44197,0
438,Energía biogás,Generación,MWh,42,LA PAMPA,44228,22.46
438,Energía biogás,Generación,MWh,42,LA PAMPA,44256,163.49
438,Energía biogás,Generación,MWh,42,LA PAMPA,44287,473.09
438,Energía biogás,Generación,MWh,42,LA PAMPA,44317,569.53
438,Energía biogás,Generación,MWh,42,LA PAMPA,44348,689.31
438,Energía biogás,Generación,MWh,42,LA PAMPA,44378,787.44
438,Energía biogás,Generación,MWh,42,LA PAMPA,44409,1012.86
438,Energía biogás,Generación,MWh,42,LA PAMPA,44440,1005.06
438,Energía biogás,Generación,MWh,42,LA PAMPA,44470,798.48
438,Energía biogás,Generación,MWh,42,LA PAMPA,44501,288.79
438,Energía biogás,Generación,MWh,42,LA PAMPA,44531,862.58
438,Energía biogás,Generación,MWh,42,LA PAMPA,44562,1213.27
438,Energía biogás,Generación,MWh,42,LA PAMPA,44593,1264.45
438,Energía biogás,Generación,MWh,42,LA PAMPA,44621,1416.36
438,Energía biogás,Generación,MWh,42,LA PAMPA,44652,1321.63
438,Energía biogás,Generación,MWh,42,LA PAMPA,44682,1223.24
438,Energía biogás,Generación,MWh,42,LA PAMPA,44713,935.04
438,Energía biogás,Generación,MWh,42,LA PAMPA,44743,1274.34
438,Energía biogás,Generación,MWh,42,LA PAMPA,44774,1253.48
438,Energía biogás,Generación,MWh,42,LA PAMPA,44805,1403.33
438,Energía biogás,Generación,MWh,42,LA PAMPA,44835,1266.16
438,Energía biogás,Generación,MWh,42,LA PAMPA,44866,731.57
438,Energía biogás,Generación,MWh,42,LA PAMPA,44896,846.24
438,Energía biogás,Generación,MWh,42,LA PAMPA,44927,510.69
438,Energía biogás,Generación,MWh,42,LA PAMPA,44958,427.52
438,Energía biogás,Generación,MWh,42,LA PAMPA,44986,573.96
438,Energía biogás,Generación,MWh,42,LA PAMPA,45017,678.62
438,Energía biogás,Generación,MWh,42,LA PAMPA,45047,912.79
438,Energía biogás,Generación,MWh,42,LA PAMPA,45078,867.74
438,Energía biogás,Generación,MWh,42,LA PAMPA,45108,923.35
438,Energía biogás,Generación,MWh,42,LA PAMPA,45139,931.15
438,Energía biogás,Generación,MWh,42,LA PAMPA,45170,922.25
438,Energía biogás,Generación,MWh,42,LA PAMPA,45200,777.73
438,Energía biogás,Generación,MWh,42,LA PAMPA,45231,840.14
438,Energía biogás,Generación,MWh,42,LA PAMPA,45261,836.72
438,Energía biogás,Generación,MWh,42,LA PAMPA,45292,661.68
438,Energía biogás,Generación,MWh,42,LA PAMPA,45323,837.45
438,Energía biogás,Generación,MWh,42,LA PAMPA,45352,1185.48
438,Energía biogás,Generación,MWh,42,LA PAMPA,45383,1061.48
438,Energía biogás,Generación,MWh,42,LA PAMPA,45413,1303.71
438,Energía biogás,Generación,MWh,42,LA PAMPA,45444,1215.23
438,Energía biogás,Generación,MWh,42,LA PAMPA,45474,1250.5
438,Energía biogás,Generación,MWh,42,LA PAMPA,45505,1300.38
438,Energía biogás,Generación,MWh,74,SAN LUIS,42736,0
438,Energía biogás,Generación,MWh,74,SAN LUIS,42767,0
438,Energía biogás,Generación,MWh,74,SAN LUIS,42795,0
438,Energía biogás,Generación,MWh,74,SAN LUIS,42826,0
438,Energía biogás,Generación,MWh,74,SAN LUIS,42856,0
438,Energía biogás,Generación,MWh,74,SAN LUIS,42887,0
438,Energía biogás,Generación,MWh,74,SAN LUIS,42917,0
438,Energía biogás,Generación,MWh,74,SAN LUIS,42948,20.03
438,Energía biogás,Generación,MWh,74,SAN LUIS,42979,119.98
438,Energía biogás,Generación,MWh,74,SAN LUIS,43009,39.71
438,Energía biogás,Generación,MWh,74,SAN LUIS,43040,99.41
438,Energía biogás,Generación,MWh,74,SAN LUIS,43070,139.16
438,Energía biogás,Generación,MWh,74,SAN LUIS,43101,66.18
438,Energía biogás,Generación,MWh,74,SAN LUIS,43132,100.24
438,Energía biogás,Generación,MWh,74,SAN LUIS,43160,147.53
438,Energía biogás,Generación,MWh,74,SAN LUIS,43191,151.61
438,Energía biogás,Generación,MWh,74,SAN LUIS,43221,208.36
438,Energía biogás,Generación,MWh,74,SAN LUIS,43252,242.87
438,Energía biogás,Generación,MWh,74,SAN LUIS,43282,352.87
438,Energía biogás,Generación,MWh,74,SAN LUIS,43313,279.99
438,Energía biogás,Generación,MWh,74,SAN LUIS,43344,334
438,Energía biogás,Generación,MWh,74,SAN LUIS,43374,291.05
438,Energía biogás,Generación,MWh,74,SAN LUIS,43405,311.58
438,Energía biogás,Generación,MWh,74,SAN LUIS,43435,399.14
438,Energía biogás,Generación,MWh,74,SAN LUIS,43466,382.54
438,Energía biogás,Generación,MWh,74,SAN LUIS,43497,390.59
438,Energía biogás,Generación,MWh,74,SAN LUIS,43525,378.33
438,Energía biogás,Generación,MWh,74,SAN LUIS,43556,333.16
438,Energía biogás,Generación,MWh,74,SAN LUIS,43586,512.25
438,Energía biogás,Generación,MWh,74,SAN LUIS,43617,646.13
438,Energía biogás,Generación,MWh,74,SAN LUIS,43647,710.95
438,Energía biogás,Generación,MWh,74,SAN LUIS,43678,616.31
438,Energía biogás,Generación,MWh,74,SAN LUIS,43709,679.13
438,Energía biogás,Generación,MWh,74,SAN LUIS,43739,691.68
438,Energía biogás,Generación,MWh,74,SAN LUIS,43770,537.26
438,Energía biogás,Generación,MWh,74,SAN LUIS,43800,565.25
438,Energía biogás,Generación,MWh,74,SAN LUIS,43831,493.64
438,Energía biogás,Generación,MWh,74,SAN LUIS,43862,521.09
438,Energía biogás,Generación,MWh,74,SAN LUIS,43891,822.14
438,Energía biogás,Generación,MWh,74,SAN LUIS,43922,1244.63
438,Energía biogás,Generación,MWh,74,SAN LUIS,43952,1773.49
438,Energía biogás,Generación,MWh,74,SAN LUIS,43983,1846.97
438,Energía biogás,Generación,MWh,74,SAN LUIS,44013,1657.85
438,Energía biogás,Generación,MWh,74,SAN LUIS,44044,2080.2
438,Energía biogás,Generación,MWh,74,SAN LUIS,44075,2022.65
438,Energía biogás,Generación,MWh,74,SAN LUIS,44105,2087.17
438,Energía biogás,Generación,MWh,74,SAN LUIS,44136,1587.13
438,Energía biogás,Generación,MWh,74,SAN LUIS,44166,2122.27
438,Energía biogás,Generación,MWh,74,SAN LUIS,44197,1770.23
438,Energía biogás,Generación,MWh,74,SAN LUIS,44228,1722.01
438,Energía biogás,Generación,MWh,74,SAN LUIS,44256,1695.6
438,Energía biogás,Generación,MWh,74,SAN LUIS,44287,1924.99
438,Energía biogás,Generación,MWh,74,SAN LUIS,44317,2078.15
438,Energía biogás,Generación,MWh,74,SAN LUIS,44348,2392.37
438,Energía biogás,Generación,MWh,74,SAN LUIS,44378,2891.07
438,Energía biogás,Generación,MWh,74,SAN LUIS,44409,2831.81
438,Energía biogás,Generación,MWh,74,SAN LUIS,44440,2875.01
438,Energía biogás,Generación,MWh,74,SAN LUIS,44470,3332.66
438,Energía biogás,Generación,MWh,74,SAN LUIS,44501,3167.7
438,Energía biogás,Generación,MWh,74,SAN LUIS,44531,3038.55
438,Energía biogás,Generación,MWh,74,SAN LUIS,44562,3054.8
438,Energía biogás,Generación,MWh,74,SAN LUIS,44593,3015.44
438,Energía biogás,Generación,MWh,74,SAN LUIS,44621,3276.02
438,Energía biogás,Generación,MWh,74,SAN LUIS,44652,3311.2
438,Energía biogás,Generación,MWh,74,SAN LUIS,44682,3410.77
438,Energía biogás,Generación,MWh,74,SAN LUIS,44713,3223.62
438,Energía biogás,Generación,MWh,74,SAN LUIS,44743,3594.12
438,Energía biogás,Generación,MWh,74,SAN LUIS,44774,3699.68
438,Energía biogás,Generación,MWh,74,SAN LUIS,44805,3466.14
438,Energía biogás,Generación,MWh,74,SAN LUIS,44835,3541.43
438,Energía biogás,Generación,MWh,74,SAN LUIS,44866,3444.64
438,Energía biogás,Generación,MWh,74,SAN LUIS,44896,3458.7
438,Energía biogás,Generación,MWh,74,SAN LUIS,44927,3444.15
438,Energía biogás,Generación,MWh,74,SAN LUIS,44958,3068.03
438,Energía biogás,Generación,MWh,74,SAN LUIS,44986,2943.57
438,Energía biogás,Generación,MWh,74,SAN LUIS,45017,3304.66
438,Energía biogás,Generación,MWh,74,SAN LUIS,45047,3537.02
438,Energía biogás,Generación,MWh,74,SAN LUIS,45078,3498.22
438,Energía biogás,Generación,MWh,74,SAN LUIS,45108,3631.76
438,Energía biogás,Generación,MWh,74,SAN LUIS,45139,3646.87
438,Energía biogás,Generación,MWh,74,SAN LUIS,45170,3213.79
438,Energía biogás,Generación,MWh,74,SAN LUIS,45200,3424.61
438,Energía biogás,Generación,MWh,74,SAN LUIS,45231,3284.3
438,Energía biogás,Generación,MWh,74,SAN LUIS,45261,2863.13
438,Energía biogás,Generación,MWh,74,SAN LUIS,45292,3052.98
438,Energía biogás,Generación,MWh,74,SAN LUIS,45323,3236.53
438,Energía biogás,Generación,MWh,74,SAN LUIS,45352,3606.9
438,Energía biogás,Generación,MWh,74,SAN LUIS,45383,3411.41
438,Energía biogás,Generación,MWh,74,SAN LUIS,45413,3699.42
438,Energía biogás,Generación,MWh,74,SAN LUIS,45444,3621.67
438,Energía biogás,Generación,MWh,74,SAN LUIS,45474,4188.65
438,Energía biogás,Generación,MWh,74,SAN LUIS,45505,4657.9
438,Energía biogás,Generación,MWh,82,SANTA FE,42736,0
438,Energía biogás,Generación,MWh,82,SANTA FE,42767,0
438,Energía biogás,Generación,MWh,82,SANTA FE,42795,0
438,Energía biogás,Generación,MWh,82,SANTA FE,42826,0
438,Energía biogás,Generación,MWh,82,SANTA FE,42856,0
438,Energía biogás,Generación,MWh,82,SANTA FE,42887,0
438,Energía biogás,Generación,MWh,82,SANTA FE,42917,0
438,Energía biogás,Generación,MWh,82,SANTA FE,42948,0
438,Energía biogás,Generación,MWh,82,SANTA FE,42979,0
438,Energía biogás,Generación,MWh,82,SANTA FE,43009,0
438,Energía biogás,Generación,MWh,82,SANTA FE,43040,522.39
438,Energía biogás,Generación,MWh,82,SANTA FE,43070,539.4
438,Energía biogás,Generación,MWh,82,SANTA FE,43101,671.1
438,Energía biogás,Generación,MWh,82,SANTA FE,43132,725.7
438,Energía biogás,Generación,MWh,82,SANTA FE,43160,919
438,Energía biogás,Generación,MWh,82,SANTA FE,43191,868.7
438,Energía biogás,Generación,MWh,82,SANTA FE,43221,541.86
438,Energía biogás,Generación,MWh,82,SANTA FE,43252,648.69
438,Energía biogás,Generación,MWh,82,SANTA FE,43282,855
438,Energía biogás,Generación,MWh,82,SANTA FE,43313,952.5
438,Energía biogás,Generación,MWh,82,SANTA FE,43344,693.92
438,Energía biogás,Generación,MWh,82,SANTA FE,43374,739.04
438,Energía biogás,Generación,MWh,82,SANTA FE,43405,843.71
438,Energía biogás,Generación,MWh,82,SANTA FE,43435,727.75
438,Energía biogás,Generación,MWh,82,SANTA FE,43466,553.57
438,Energía biogás,Generación,MWh,82,SANTA FE,43497,1261.19
438,Energía biogás,Generación,MWh,82,SANTA FE,43525,5307.65
438,Energía biogás,Generación,MWh,82,SANTA FE,43556,5099.14
438,Energía biogás,Generación,MWh,82,SANTA FE,43586,5075.73
438,Energía biogás,Generación,MWh,82,SANTA FE,43617,4717.93
438,Energía biogás,Generación,MWh,82,SANTA FE,43647,5017.67
438,Energía biogás,Generación,MWh,82,SANTA FE,43678,5210.79
438,Energía biogás,Generación,MWh,82,SANTA FE,43709,4704.87
438,Energía biogás,Generación,MWh,82,SANTA FE,43739,4781.74
438,Energía biogás,Generación,MWh,82,SANTA FE,43770,4606.55
438,Energía biogás,Generación,MWh,82,SANTA FE,43800,4906.91
438,Energía biogás,Generación,MWh,82,SANTA FE,43831,4943.46
438,Energía biogás,Generación,MWh,82,SANTA FE,43862,4030.75
438,Energía biogás,Generación,MWh,82,SANTA FE,43891,4715.77
438,Energía biogás,Generación,MWh,82,SANTA FE,43922,4345.15
438,Energía biogás,Generación,MWh,82,SANTA FE,43952,5275.29
438,Energía biogás,Generación,MWh,82,SANTA FE,43983,5286.43
438,Energía biogás,Generación,MWh,82,SANTA FE,44013,5462.46
438,Energía biogás,Generación,MWh,82,SANTA FE,44044,5439.15
438,Energía biogás,Generación,MWh,82,SANTA FE,44075,5767.43
438,Energía biogás,Generación,MWh,82,SANTA FE,44105,5955.99
438,Energía biogás,Generación,MWh,82,SANTA FE,44136,5575.89
438,Energía biogás,Generación,MWh,82,SANTA FE,44166,5635.98
438,Energía biogás,Generación,MWh,82,SANTA FE,44197,5204.48
438,Energía biogás,Generación,MWh,82,SANTA FE,44228,4438.94
438,Energía biogás,Generación,MWh,82,SANTA FE,44256,4557.7
438,Energía biogás,Generación,MWh,82,SANTA FE,44287,4534.94
438,Energía biogás,Generación,MWh,82,SANTA FE,44317,4656.92
438,Energía biogás,Generación,MWh,82,SANTA FE,44348,4868.03
438,Energía biogás,Generación,MWh,82,SANTA FE,44378,5834.94
438,Energía biogás,Generación,MWh,82,SANTA FE,44409,6179.42
438,Energía biogás,Generación,MWh,82,SANTA FE,44440,6354.17
438,Energía biogás,Generación,MWh,82,SANTA FE,44470,6458
438,Energía biogás,Generación,MWh,82,SANTA FE,44501,6373.15
438,Energía biogás,Generación,MWh,82,SANTA FE,44531,6607.21
438,Energía biogás,Generación,MWh,82,SANTA FE,44562,6577.72
438,Energía biogás,Generación,MWh,82,SANTA FE,44593,5922.56
438,Energía biogás,Generación,MWh,82,SANTA FE,44621,6814.63
438,Energía biogás,Generación,MWh,82,SANTA FE,44652,6544.22
438,Energía biogás,Generación,MWh,82,SANTA FE,44682,6596.28
438,Energía biogás,Generación,MWh,82,SANTA FE,44713,6231.88
438,Energía biogás,Generación,MWh,82,SANTA FE,44743,6639.08
438,Energía biogás,Generación,MWh,82,SANTA FE,44774,6718.38
438,Energía biogás,Generación,MWh,82,SANTA FE,44805,5988.18
438,Energía biogás,Generación,MWh,82,SANTA FE,44835,5867.24
438,Energía biogás,Generación,MWh,82,SANTA FE,44866,5938.63
438,Energía biogás,Generación,MWh,82,SANTA FE,44896,5683.25
438,Energía biogás,Generación,MWh,82,SANTA FE,44927,6083.7
438,Energía biogás,Generación,MWh,82,SANTA FE,44958,4998.99
438,Energía biogás,Generación,MWh,82,SANTA FE,44986,5125.52
438,Energía biogás,Generación,MWh,82,SANTA FE,45017,5331.97
438,Energía biogás,Generación,MWh,82,SANTA FE,45047,5462.29
438,Energía biogás,Generación,MWh,82,SANTA FE,45078,5127.75
438,Energía biogás,Generación,MWh,82,SANTA FE,45108,5570.22
438,Energía biogás,Generación,MWh,82,SANTA FE,45139,6289.74
438,Energía biogás,Generación,MWh,82,SANTA FE,45170,6121.1
438,Energía biogás,Generación,MWh,82,SANTA FE,45200,6052.5
438,Energía biogás,Generación,MWh,82,SANTA FE,45231,5095.98
438,Energía biogás,Generación,MWh,82,SANTA FE,45261,5441.36
438,Energía biogás,Generación,MWh,82,SANTA FE,45292,6197.66
438,Energía biogás,Generación,MWh,82,SANTA FE,45323,6248.16
438,Energía biogás,Generación,MWh,82,SANTA FE,45352,6607.89
438,Energía biogás,Generación,MWh,82,SANTA FE,45383,6490.39
438,Energía biogás,Generación,MWh,82,SANTA FE,45413,7208.63
438,Energía biogás,Generación,MWh,82,SANTA FE,45444,6568.07
438,Energía biogás,Generación,MWh,82,SANTA FE,45474,6716.42
438,Energía biogás,Generación,MWh,82,SANTA FE,45505,6462.73
438,Energía biogás,Generación,MWh,90,TUCUMAN,43466,0
438,Energía biogás,Generación,MWh,90,TUCUMAN,43497,0
438,Energía biogás,Generación,MWh,90,TUCUMAN,43525,0
438,Energía biogás,Generación,MWh,90,TUCUMAN,43556,0
438,Energía biogás,Generación,MWh,90,TUCUMAN,43586,0
438,Energía biogás,Generación,MWh,90,TUCUMAN,43617,0
438,Energía biogás,Generación,MWh,90,TUCUMAN,43647,0
438,Energía biogás,Generación,MWh,90,TUCUMAN,43678,0
438,Energía biogás,Generación,MWh,90,TUCUMAN,43709,74.34
438,Energía biogás,Generación,MWh,90,TUCUMAN,43739,0
438,Energía biogás,Generación,MWh,90,TUCUMAN,43770,1.31
438,Energía biogás,Generación,MWh,90,TUCUMAN,43800,4.82
438,Energía biogás,Generación,MWh,90,TUCUMAN,43831,0
438,Energía biogás,Generación,MWh,90,TUCUMAN,43862,19
438,Energía biogás,Generación,MWh,90,TUCUMAN,43891,115.13
438,Energía biogás,Generación,MWh,90,TUCUMAN,43922,466.58
438,Energía biogás,Generación,MWh,90,TUCUMAN,43952,1194.92
438,Energía biogás,Generación,MWh,90,TUCUMAN,43983,1772.34
438,Energía biogás,Generación,MWh,90,TUCUMAN,44013,1928.43
438,Energía biogás,Generación,MWh,90,TUCUMAN,44044,608.84
438,Energía biogás,Generación,MWh,90,TUCUMAN,44075,13.24
438,Energía biogás,Generación,MWh,90,TUCUMAN,44105,11.1
438,Energía biogás,Generación,MWh,90,TUCUMAN,44136,7.06
438,Energía biogás,Generación,MWh,90,TUCUMAN,44166,6.7
438,Energía biogás,Generación,MWh,90,TUCUMAN,44197,0
438,Energía biogás,Generación,MWh,90,TUCUMAN,44228,3.68
438,Energía biogás,Generación,MWh,90,TUCUMAN,44256,127.53
438,Energía biogás,Generación,MWh,90,TUCUMAN,44287,764.68
438,Energía biogás,Generación,MWh,90,TUCUMAN,44317,1729.76
438,Energía biogás,Generación,MWh,90,TUCUMAN,44348,1335.06
438,Energía biogás,Generación,MWh,90,TUCUMAN,44378,1466.31
438,Energía biogás,Generación,MWh,90,TUCUMAN,44409,1334.21
438,Energía biogás,Generación,MWh,90,TUCUMAN,44440,1392.75
438,Energía biogás,Generación,MWh,90,TUCUMAN,44470,228.89
438,Energía biogás,Generación,MWh,90,TUCUMAN,44501,0.19
438,Energía biogás,Generación,MWh,90,TUCUMAN,44531,2.71
438,Energía biogás,Generación,MWh,90,TUCUMAN,44562,6.72
438,Energía biogás,Generación,MWh,90,TUCUMAN,44593,7.94
438,Energía biogás,Generación,MWh,90,TUCUMAN,44621,9.94
438,Energía biogás,Generación,MWh,90,TUCUMAN,44652,520.8
438,Energía biogás,Generación,MWh,90,TUCUMAN,44682,1591.01
438,Energía biogás,Generación,MWh,90,TUCUMAN,44713,1589.42
438,Energía biogás,Generación,MWh,90,TUCUMAN,44743,1012.63
438,Energía biogás,Generación,MWh,90,TUCUMAN,44774,1572.58
438,Energía biogás,Generación,MWh,90,TUCUMAN,44805,379.7
438,Energía biogás,Generación,MWh,90,TUCUMAN,44835,158.23
438,Energía biogás,Generación,MWh,90,TUCUMAN,44866,665.61
438,Energía biogás,Generación,MWh,90,TUCUMAN,44896,345.24
438,Energía biogás,Generación,MWh,90,TUCUMAN,44927,71.76
438,Energía biogás,Generación,MWh,90,TUCUMAN,44958,0
438,Energía biogás,Generación,MWh,90,TUCUMAN,44986,0
438,Energía biogás,Generación,MWh,90,TUCUMAN,45017,535.37
438,Energía biogás,Generación,MWh,90,TUCUMAN,45047,1752.43
438,Energía biogás,Generación,MWh,90,TUCUMAN,45078,2049.54
438,Energía biogás,Generación,MWh,90,TUCUMAN,45108,1368.88
438,Energía biogás,Generación,MWh,90,TUCUMAN,45139,1985.27
438,Energía biogás,Generación,MWh,90,TUCUMAN,45170,1405.08
438,Energía biogás,Generación,MWh,90,TUCUMAN,45200,686.14
438,Energía biogás,Generación,MWh,90,TUCUMAN,45231,500.1
438,Energía biogás,Generación,MWh,90,TUCUMAN,45261,386.67
438,Energía biogás,Generación,MWh,90,TUCUMAN,45292,420.86
438,Energía biogás,Generación,MWh,90,TUCUMAN,45323,368.88
438,Energía biogás,Generación,MWh,90,TUCUMAN,45352,639.84
438,Energía biogás,Generación,MWh,90,TUCUMAN,45383,1026.61
438,Energía biogás,Generación,MWh,90,TUCUMAN,45413,1990.69
438,Energía biogás,Generación,MWh,90,TUCUMAN,45444,1694.47
438,Energía biogás,Generación,MWh,90,TUCUMAN,45474,1470.5
438,Energía biogás,Generación,MWh,90,TUCUMAN,45505,1716.86
439,Energía biogás,Potencia instalada,MW,6,BUENOS AIRES,43466,16.6
439,Energía biogás,Potencia instalada,MW,6,BUENOS AIRES,43497,16.6
439,Energía biogás,Potencia instalada,MW,6,BUENOS AIRES,43525,21.9
439,Energía biogás,Potencia instalada,MW,6,BUENOS AIRES,43556,21.9
439,Energía biogás,Potencia instalada,MW,6,BUENOS AIRES,43586,21.9
439,Energía biogás,Potencia instalada,MW,6,BUENOS AIRES,43617,21.9
439,Energía biogás,Potencia instalada,MW,6,BUENOS AIRES,43647,21.9
439,Energía biogás,Potencia instalada,MW,6,BUENOS AIRES,43678,21.9
439,Energía biogás,Potencia instalada,MW,6,BUENOS AIRES,43709,21.9
439,Energía biogás,Potencia instalada,MW,6,BUENOS AIRES,43739,21.9
439,Energía biogás,Potencia instalada,MW,6,BUENOS AIRES,43770,21.9
439,Energía biogás,Potencia instalada,MW,6,BUENOS AIRES,43800,24.3
439,Energía biogás,Potencia instalada,MW,6,BUENOS AIRES,43831,24.3
439,Energía biogás,Potencia instalada,MW,6,BUENOS AIRES,43862,24.3
439,Energía biogás,Potencia instalada,MW,6,BUENOS AIRES,43891,24.3
439,Energía biogás,Potencia instalada,MW,6,BUENOS AIRES,43922,24.3
439,Energía biogás,Potencia instalada,MW,6,BUENOS AIRES,43952,24.3
439,Energía biogás,Potencia instalada,MW,6,BUENOS AIRES,43983,24.3
439,Energía biogás,Potencia instalada,MW,6,BUENOS AIRES,44013,24.3
439,Energía biogás,Potencia instalada,MW,6,BUENOS AIRES,44044,25.3
439,Energía biogás,Potencia instalada,MW,6,BUENOS AIRES,44075,26.3
439,Energía biogás,Potencia instalada,MW,6,BUENOS AIRES,44105,26.3
439,Energía biogás,Potencia instalada,MW,6,BUENOS AIRES,44136,26.3
439,Energía biogás,Potencia instalada,MW,6,BUENOS AIRES,44166,26.3
439,Energía biogás,Potencia instalada,MW,6,BUENOS AIRES,44197,26.3
439,Energía biogás,Potencia instalada,MW,6,BUENOS AIRES,44228,26.3
439,Energía biogás,Potencia instalada,MW,6,BUENOS AIRES,44256,26.3
439,Energía biogás,Potencia instalada,MW,6,BUENOS AIRES,44287,26.3
439,Energía biogás,Potencia instalada,MW,6,BUENOS AIRES,44317,26.3
439,Energía biogás,Potencia instalada,MW,6,BUENOS AIRES,44348,31.4
439,Energía biogás,Potencia instalada,MW,6,BUENOS AIRES,44378,33.7
439,Energía biogás,Potencia instalada,MW,6,BUENOS AIRES,44409,33.7
439,Energía biogás,Potencia instalada,MW,6,BUENOS AIRES,44440,33.7
439,Energía biogás,Potencia instalada,MW,6,BUENOS AIRES,44470,33.7
439,Energía biogás,Potencia instalada,MW,6,BUENOS AIRES,44501,33.7
439,Energía biogás,Potencia instalada,MW,6,BUENOS AIRES,44531,33.7
439,Energía biogás,Potencia instalada,MW,6,BUENOS AIRES,44562,33.7
439,Energía biogás,Potencia instalada,MW,6,BUENOS AIRES,44593,33.7
439,Energía biogás,Potencia instalada,MW,6,BUENOS AIRES,44621,33.7
439,Energía biogás,Potencia instalada,MW,6,BUENOS AIRES,44652,33.7
439,Energía biogás,Potencia instalada,MW,6,BUENOS AIRES,44682,33.7
439,Energía biogás,Potencia instalada,MW,6,BUENOS AIRES,44713,33.7
439,Energía biogás,Potencia instalada,MW,6,BUENOS AIRES,44743,33.7
439,Energía biogás,Potencia instalada,MW,6,BUENOS AIRES,44774,34.92
439,Energía biogás,Potencia instalada,MW,6,BUENOS AIRES,44805,34.92
439,Energía biogás,Potencia instalada,MW,6,BUENOS AIRES,44835,34.92
439,Energía biogás,Potencia instalada,MW,6,BUENOS AIRES,44866,34.92
439,Energía biogás,Potencia instalada,MW,6,BUENOS AIRES,44896,34.92
439,Energía biogás,Potencia instalada,MW,6,BUENOS AIRES,44927,29.82
439,Energía biogás,Potencia instalada,MW,6,BUENOS AIRES,44958,31.86
439,Energía biogás,Potencia instalada,MW,6,BUENOS AIRES,44986,31.86
439,Energía biogás,Potencia instalada,MW,6,BUENOS AIRES,45017,31.86
439,Energía biogás,Potencia instalada,MW,6,BUENOS AIRES,45047,34.98
439,Energía biogás,Potencia instalada,MW,6,BUENOS AIRES,45078,34.98
439,Energía biogás,Potencia instalada,MW,6,BUENOS AIRES,45108,39.98
439,Energía biogás,Potencia instalada,MW,6,BUENOS AIRES,45139,39.98
439,Energía biogás,Potencia instalada,MW,6,BUENOS AIRES,45170,39.98
439,Energía biogás,Potencia instalada,MW,6,BUENOS AIRES,45200,39.98
439,Energía biogás,Potencia instalada,MW,6,BUENOS AIRES,45231,41.46
439,Energía biogás,Potencia instalada,MW,6,BUENOS AIRES,45261,41.46
439,Energía biogás,Potencia instalada,MW,6,BUENOS AIRES,45292,41.46
439,Energía biogás,Potencia instalada,MW,6,BUENOS AIRES,45323,41.46
439,Energía biogás,Potencia instalada,MW,6,BUENOS AIRES,45352,41.46
439,Energía biogás,Potencia instalada,MW,6,BUENOS AIRES,45383,41.46
439,Energía biogás,Potencia instalada,MW,6,BUENOS AIRES,45413,41.46
439,Energía biogás,Potencia instalada,MW,6,BUENOS AIRES,45444,41.46
439,Energía biogás,Potencia instalada,MW,6,BUENOS AIRES,45474,41.46
439,Energía biogás,Potencia instalada,MW,6,BUENOS AIRES,45505,41.46
439,Energía biogás,Potencia instalada,MW,14,CORDOBA,43466,4.4
439,Energía biogás,Potencia instalada,MW,14,CORDOBA,43497,4.4
439,Energía biogás,Potencia instalada,MW,14,CORDOBA,43525,4.4
439,Energía biogás,Potencia instalada,MW,14,CORDOBA,43556,4.4
439,Energía biogás,Potencia instalada,MW,14,CORDOBA,43586,4.4
439,Energía biogás,Potencia instalada,MW,14,CORDOBA,43617,4.4
439,Energía biogás,Potencia instalada,MW,14,CORDOBA,43647,4.4
439,Energía biogás,Potencia instalada,MW,14,CORDOBA,43678,5.96
439,Energía biogás,Potencia instalada,MW,14,CORDOBA,43709,5.96
439,Energía biogás,Potencia instalada,MW,14,CORDOBA,43739,5.96
439,Energía biogás,Potencia instalada,MW,14,CORDOBA,43770,5.96
439,Energía biogás,Potencia instalada,MW,14,CORDOBA,43800,7.16
439,Energía biogás,Potencia instalada,MW,14,CORDOBA,43831,7.16
439,Energía biogás,Potencia instalada,MW,14,CORDOBA,43862,7.16
439,Energía biogás,Potencia instalada,MW,14,CORDOBA,43891,7.16
439,Energía biogás,Potencia instalada,MW,14,CORDOBA,43922,7.16
439,Energía biogás,Potencia instalada,MW,14,CORDOBA,43952,8.16
439,Energía biogás,Potencia instalada,MW,14,CORDOBA,43983,8.16
439,Energía biogás,Potencia instalada,MW,14,CORDOBA,44013,8.16
439,Energía biogás,Potencia instalada,MW,14,CORDOBA,44044,8.16
439,Energía biogás,Potencia instalada,MW,14,CORDOBA,44075,8.16
439,Energía biogás,Potencia instalada,MW,14,CORDOBA,44105,8.16
439,Energía biogás,Potencia instalada,MW,14,CORDOBA,44136,10.16
439,Energía biogás,Potencia instalada,MW,14,CORDOBA,44166,10.16
439,Energía biogás,Potencia instalada,MW,14,CORDOBA,44197,12.16
439,Energía biogás,Potencia instalada,MW,14,CORDOBA,44228,12.16
439,Energía biogás,Potencia instalada,MW,14,CORDOBA,44256,12.16
439,Energía biogás,Potencia instalada,MW,14,CORDOBA,44287,12.16
439,Energía biogás,Potencia instalada,MW,14,CORDOBA,44317,12.16
439,Energía biogás,Potencia instalada,MW,14,CORDOBA,44348,12.16
439,Energía biogás,Potencia instalada,MW,14,CORDOBA,44378,12.16
439,Energía biogás,Potencia instalada,MW,14,CORDOBA,44409,12.16
439,Energía biogás,Potencia instalada,MW,14,CORDOBA,44440,12.16
439,Energía biogás,Potencia instalada,MW,14,CORDOBA,44470,12.16
439,Energía biogás,Potencia instalada,MW,14,CORDOBA,44501,12.16
439,Energía biogás,Potencia instalada,MW,14,CORDOBA,44531,12.16
439,Energía biogás,Potencia instalada,MW,14,CORDOBA,44562,12.16
439,Energía biogás,Potencia instalada,MW,14,CORDOBA,44593,12.16
439,Energía biogás,Potencia instalada,MW,14,CORDOBA,44621,12.16
439,Energía biogás,Potencia instalada,MW,14,CORDOBA,44652,12.16
439,Energía biogás,Potencia instalada,MW,14,CORDOBA,44682,12.16
439,Energía biogás,Potencia instalada,MW,14,CORDOBA,44713,12.16
439,Energía biogás,Potencia instalada,MW,14,CORDOBA,44743,14.56
439,Energía biogás,Potencia instalada,MW,14,CORDOBA,44774,14.56
439,Energía biogás,Potencia instalada,MW,14,CORDOBA,44805,14.56
439,Energía biogás,Potencia instalada,MW,14,CORDOBA,44835,14.56
439,Energía biogás,Potencia instalada,MW,14,CORDOBA,44866,14.56
439,Energía biogás,Potencia instalada,MW,14,CORDOBA,44896,14.56
439,Energía biogás,Potencia instalada,MW,14,CORDOBA,44927,14.56
439,Energía biogás,Potencia instalada,MW,14,CORDOBA,44958,14.56
439,Energía biogás,Potencia instalada,MW,14,CORDOBA,44986,14.56
439,Energía biogás,Potencia instalada,MW,14,CORDOBA,45017,14.56
439,Energía biogás,Potencia instalada,MW,14,CORDOBA,45047,14.56
439,Energía biogás,Potencia instalada,MW,14,CORDOBA,45078,14.56
439,Energía biogás,Potencia instalada,MW,14,CORDOBA,45108,14.56
439,Energía biogás,Potencia instalada,MW,14,CORDOBA,45139,14.56
439,Energía biogás,Potencia instalada,MW,14,CORDOBA,45170,14.56
439,Energía biogás,Potencia instalada,MW,14,CORDOBA,45200,14.56
439,Energía biogás,Potencia instalada,MW,14,CORDOBA,45231,14.56
439,Energía biogás,Potencia instalada,MW,14,CORDOBA,45261,14.56
439,Energía biogás,Potencia instalada,MW,14,CORDOBA,45292,15.56
439,Energía biogás,Potencia instalada,MW,14,CORDOBA,45323,15.56
439,Energía biogás,Potencia instalada,MW,14,CORDOBA,45352,15.56
439,Energía biogás,Potencia instalada,MW,14,CORDOBA,45383,15.56
439,Energía biogás,Potencia instalada,MW,14,CORDOBA,45413,15.56
439,Energía biogás,Potencia instalada,MW,14,CORDOBA,45444,16.76
439,Energía biogás,Potencia instalada,MW,14,CORDOBA,45474,16.76
439,Energía biogás,Potencia instalada,MW,14,CORDOBA,45505,16.76
439,Energía biogás,Potencia instalada,MW,42,LA PAMPA,44197,0
439,Energía biogás,Potencia instalada,MW,42,LA PAMPA,44228,0
439,Energía biogás,Potencia instalada,MW,42,LA PAMPA,44256,2
439,Energía biogás,Potencia instalada,MW,42,LA PAMPA,44287,2
439,Energía biogás,Potencia instalada,MW,42,LA PAMPA,44317,2
439,Energía biogás,Potencia instalada,MW,42,LA PAMPA,44348,2
439,Energía biogás,Potencia instalada,MW,42,LA PAMPA,44378,2
439,Energía biogás,Potencia instalada,MW,42,LA PAMPA,44409,2
439,Energía biogás,Potencia instalada,MW,42,LA PAMPA,44440,2
439,Energía biogás,Potencia instalada,MW,42,LA PAMPA,44470,2
439,Energía biogás,Potencia instalada,MW,42,LA PAMPA,44501,2
439,Energía biogás,Potencia instalada,MW,42,LA PAMPA,44531,2
439,Energía biogás,Potencia instalada,MW,42,LA PAMPA,44562,2
439,Energía biogás,Potencia instalada,MW,42,LA PAMPA,44593,2
439,Energía biogás,Potencia instalada,MW,42,LA PAMPA,44621,2
439,Energía biogás,Potencia instalada,MW,42,LA PAMPA,44652,2
439,Energía biogás,Potencia instalada,MW,42,LA PAMPA,44682,2
439,Energía biogás,Potencia instalada,MW,42,LA PAMPA,44713,2
439,Energía biogás,Potencia instalada,MW,42,LA PAMPA,44743,2
439,Energía biogás,Potencia instalada,MW,42,LA PAMPA,44774,2
439,Energía biogás,Potencia instalada,MW,42,LA PAMPA,44805,2
439,Energía biogás,Potencia instalada,MW,42,LA PAMPA,44835,2
439,Energía biogás,Potencia instalada,MW,42,LA PAMPA,44866,2
439,Energía biogás,Potencia instalada,MW,42,LA PAMPA,44896,2
439,Energía biogás,Potencia instalada,MW,42,LA PAMPA,44927,2
439,Energía biogás,Potencia instalada,MW,42,LA PAMPA,44958,2
439,Energía biogás,Potencia instalada,MW,42,LA PAMPA,44986,2
439,Energía biogás,Potencia instalada,MW,42,LA PAMPA,45017,2
439,Energía biogás,Potencia instalada,MW,42,LA PAMPA,45047,2
439,Energía biogás,Potencia instalada,MW,42,LA PAMPA,45078,2
439,Energía biogás,Potencia instalada,MW,42,LA PAMPA,45108,2
439,Energía biogás,Potencia instalada,MW,42,LA PAMPA,45139,2
439,Energía biogás,Potencia instalada,MW,42,LA PAMPA,45170,2
439,Energía biogás,Potencia instalada,MW,42,LA PAMPA,45200,2
439,Energía biogás,Potencia instalada,MW,42,LA PAMPA,45231,2
439,Energía biogás,Potencia instalada,MW,42,LA PAMPA,45261,2
439,Energía biogás,Potencia instalada,MW,42,LA PAMPA,45292,2
439,Energía biogás,Potencia instalada,MW,42,LA PAMPA,45323,2
439,Energía biogás,Potencia instalada,MW,42,LA PAMPA,45352,2
439,Energía biogás,Potencia instalada,MW,42,LA PAMPA,45383,2
439,Energía biogás,Potencia instalada,MW,42,LA PAMPA,45413,2
439,Energía biogás,Potencia instalada,MW,42,LA PAMPA,45444,2
439,Energía biogás,Potencia instalada,MW,42,LA PAMPA,45474,2
439,Energía biogás,Potencia instalada,MW,42,LA PAMPA,45505,2
439,Energía biogás,Potencia instalada,MW,74,SAN LUIS,43466,1.5
439,Energía biogás,Potencia instalada,MW,74,SAN LUIS,43497,1.5
439,Energía biogás,Potencia instalada,MW,74,SAN LUIS,43525,1.5
439,Energía biogás,Potencia instalada,MW,74,SAN LUIS,43556,1.5
439,Energía biogás,Potencia instalada,MW,74,SAN LUIS,43586,1.5
439,Energía biogás,Potencia instalada,MW,74,SAN LUIS,43617,1.5
439,Energía biogás,Potencia instalada,MW,74,SAN LUIS,43647,1.5
439,Energía biogás,Potencia instalada,MW,74,SAN LUIS,43678,1.5
439,Energía biogás,Potencia instalada,MW,74,SAN LUIS,43709,1.5
439,Energía biogás,Potencia instalada,MW,74,SAN LUIS,43739,1.5
439,Energía biogás,Potencia instalada,MW,74,SAN LUIS,43770,1.5
439,Energía biogás,Potencia instalada,MW,74,SAN LUIS,43800,1.5
439,Energía biogás,Potencia instalada,MW,74,SAN LUIS,43831,2.5
439,Energía biogás,Potencia instalada,MW,74,SAN LUIS,43862,2.5
439,Energía biogás,Potencia instalada,MW,74,SAN LUIS,43891,4.5
439,Energía biogás,Potencia instalada,MW,74,SAN LUIS,43922,4.5
439,Energía biogás,Potencia instalada,MW,74,SAN LUIS,43952,4.5
439,Energía biogás,Potencia instalada,MW,74,SAN LUIS,43983,4.5
439,Energía biogás,Potencia instalada,MW,74,SAN LUIS,44013,4.5
439,Energía biogás,Potencia instalada,MW,74,SAN LUIS,44044,4.5
439,Energía biogás,Potencia instalada,MW,74,SAN LUIS,44075,4.5
439,Energía biogás,Potencia instalada,MW,74,SAN LUIS,44105,4.5
439,Energía biogás,Potencia instalada,MW,74,SAN LUIS,44136,5.3
439,Energía biogás,Potencia instalada,MW,74,SAN LUIS,44166,5.3
439,Energía biogás,Potencia instalada,MW,74,SAN LUIS,44197,5.3
439,Energía biogás,Potencia instalada,MW,74,SAN LUIS,44228,5.3
439,Energía biogás,Potencia instalada,MW,74,SAN LUIS,44256,5.3
439,Energía biogás,Potencia instalada,MW,74,SAN LUIS,44287,5.3
439,Energía biogás,Potencia instalada,MW,74,SAN LUIS,44317,5.3
439,Energía biogás,Potencia instalada,MW,74,SAN LUIS,44348,5.3
439,Energía biogás,Potencia instalada,MW,74,SAN LUIS,44378,5.3
439,Energía biogás,Potencia instalada,MW,74,SAN LUIS,44409,5.3
439,Energía biogás,Potencia instalada,MW,74,SAN LUIS,44440,5.3
439,Energía biogás,Potencia instalada,MW,74,SAN LUIS,44470,5.3
439,Energía biogás,Potencia instalada,MW,74,SAN LUIS,44501,5.3
439,Energía biogás,Potencia instalada,MW,74,SAN LUIS,44531,5.3
439,Energía biogás,Potencia instalada,MW,74,SAN LUIS,44562,5.3
439,Energía biogás,Potencia instalada,MW,74,SAN LUIS,44593,5.3
439,Energía biogás,Potencia instalada,MW,74,SAN LUIS,44621,5.3
439,Energía biogás,Potencia instalada,MW,74,SAN LUIS,44652,5.3
439,Energía biogás,Potencia instalada,MW,74,SAN LUIS,44682,5.3
439,Energía biogás,Potencia instalada,MW,74,SAN LUIS,44713,5.3
439,Energía biogás,Potencia instalada,MW,74,SAN LUIS,44743,5.3
439,Energía biogás,Potencia instalada,MW,74,SAN LUIS,44774,5.3
439,Energía biogás,Potencia instalada,MW,74,SAN LUIS,44805,5.3
439,Energía biogás,Potencia instalada,MW,74,SAN LUIS,44835,5.3
439,Energía biogás,Potencia instalada,MW,74,SAN LUIS,44866,5.3
439,Energía biogás,Potencia instalada,MW,74,SAN LUIS,44896,5.3
439,Energía biogás,Potencia instalada,MW,74,SAN LUIS,44927,5.3
439,Energía biogás,Potencia instalada,MW,74,SAN LUIS,44958,5.3
439,Energía biogás,Potencia instalada,MW,74,SAN LUIS,44986,5.3
439,Energía biogás,Potencia instalada,MW,74,SAN LUIS,45017,5.3
439,Energía biogás,Potencia instalada,MW,74,SAN LUIS,45047,5.3
439,Energía biogás,Potencia instalada,MW,74,SAN LUIS,45078,5.3
439,Energía biogás,Potencia instalada,MW,74,SAN LUIS,45108,5.3
439,Energía biogás,Potencia instalada,MW,74,SAN LUIS,45139,5.3
439,Energía biogás,Potencia instalada,MW,74,SAN LUIS,45170,5.3
439,Energía biogás,Potencia instalada,MW,74,SAN LUIS,45200,5.3
439,Energía biogás,Potencia instalada,MW,74,SAN LUIS,45231,5.3
439,Energía biogás,Potencia instalada,MW,74,SAN LUIS,45261,5.3
439,Energía biogás,Potencia instalada,MW,74,SAN LUIS,45292,5.3
439,Energía biogás,Potencia instalada,MW,74,SAN LUIS,45323,5.3
439,Energía biogás,Potencia instalada,MW,74,SAN LUIS,45352,5.3
439,Energía biogás,Potencia instalada,MW,74,SAN LUIS,45383,5.3
439,Energía biogás,Potencia instalada,MW,74,SAN LUIS,45413,5.3
439,Energía biogás,Potencia instalada,MW,74,SAN LUIS,45444,7.3
439,Energía biogás,Potencia instalada,MW,74,SAN LUIS,45474,7.3
439,Energía biogás,Potencia instalada,MW,74,SAN LUIS,45505,7.3
439,Energía biogás,Potencia instalada,MW,82,SANTA FE,43466,1.42
439,Energía biogás,Potencia instalada,MW,82,SANTA FE,43497,1.42
439,Energía biogás,Potencia instalada,MW,82,SANTA FE,43525,7.72
439,Energía biogás,Potencia instalada,MW,82,SANTA FE,43556,7.72
439,Energía biogás,Potencia instalada,MW,82,SANTA FE,43586,7.72
439,Energía biogás,Potencia instalada,MW,82,SANTA FE,43617,7.72
439,Energía biogás,Potencia instalada,MW,82,SANTA FE,43647,7.72
439,Energía biogás,Potencia instalada,MW,82,SANTA FE,43678,7.72
439,Energía biogás,Potencia instalada,MW,82,SANTA FE,43709,7.72
439,Energía biogás,Potencia instalada,MW,82,SANTA FE,43739,7.72
439,Energía biogás,Potencia instalada,MW,82,SANTA FE,43770,7.72
439,Energía biogás,Potencia instalada,MW,82,SANTA FE,43800,7.72
439,Energía biogás,Potencia instalada,MW,82,SANTA FE,43831,7.72
439,Energía biogás,Potencia instalada,MW,82,SANTA FE,43862,7.72
439,Energía biogás,Potencia instalada,MW,82,SANTA FE,43891,7.72
439,Energía biogás,Potencia instalada,MW,82,SANTA FE,43922,7.72
439,Energía biogás,Potencia instalada,MW,82,SANTA FE,43952,7.72
439,Energía biogás,Potencia instalada,MW,82,SANTA FE,43983,7.72
439,Energía biogás,Potencia instalada,MW,82,SANTA FE,44013,7.72
439,Energía biogás,Potencia instalada,MW,82,SANTA FE,44044,7.72
439,Energía biogás,Potencia instalada,MW,82,SANTA FE,44075,9.82
439,Energía biogás,Potencia instalada,MW,82,SANTA FE,44105,9.82
439,Energía biogás,Potencia instalada,MW,82,SANTA FE,44136,9.82
439,Energía biogás,Potencia instalada,MW,82,SANTA FE,44166,9.82
439,Energía biogás,Potencia instalada,MW,82,SANTA FE,44197,9.82
439,Energía biogás,Potencia instalada,MW,82,SANTA FE,44228,9.82
439,Energía biogás,Potencia instalada,MW,82,SANTA FE,44256,9.82
439,Energía biogás,Potencia instalada,MW,82,SANTA FE,44287,9.82
439,Energía biogás,Potencia instalada,MW,82,SANTA FE,44317,9.82
439,Energía biogás,Potencia instalada,MW,82,SANTA FE,44348,9.82
439,Energía biogás,Potencia instalada,MW,82,SANTA FE,44378,9.82
439,Energía biogás,Potencia instalada,MW,82,SANTA FE,44409,9.82
439,Energía biogás,Potencia instalada,MW,82,SANTA FE,44440,9.82
439,Energía biogás,Potencia instalada,MW,82,SANTA FE,44470,9.82
439,Energía biogás,Potencia instalada,MW,82,SANTA FE,44501,9.82
439,Energía biogás,Potencia instalada,MW,82,SANTA FE,44531,9.82
439,Energía biogás,Potencia instalada,MW,82,SANTA FE,44562,9.82
439,Energía biogás,Potencia instalada,MW,82,SANTA FE,44593,9.82
439,Energía biogás,Potencia instalada,MW,82,SANTA FE,44621,9.82
439,Energía biogás,Potencia instalada,MW,82,SANTA FE,44652,9.82
439,Energía biogás,Potencia instalada,MW,82,SANTA FE,44682,9.82
439,Energía biogás,Potencia instalada,MW,82,SANTA FE,44713,9.82
439,Energía biogás,Potencia instalada,MW,82,SANTA FE,44743,9.82
439,Energía biogás,Potencia instalada,MW,82,SANTA FE,44774,9.82
439,Energía biogás,Potencia instalada,MW,82,SANTA FE,44805,9.82
439,Energía biogás,Potencia instalada,MW,82,SANTA FE,44835,9.82
439,Energía biogás,Potencia instalada,MW,82,SANTA FE,44866,9.82
439,Energía biogás,Potencia instalada,MW,82,SANTA FE,44896,9.82
439,Energía biogás,Potencia instalada,MW,82,SANTA FE,44927,9.82
439,Energía biogás,Potencia instalada,MW,82,SANTA FE,44958,9.82
439,Energía biogás,Potencia instalada,MW,82,SANTA FE,44986,9.82
439,Energía biogás,Potencia instalada,MW,82,SANTA FE,45017,9.82
439,Energía biogás,Potencia instalada,MW,82,SANTA FE,45047,9.82
439,Energía biogás,Potencia instalada,MW,82,SANTA FE,45078,9.82
439,Energía biogás,Potencia instalada,MW,82,SANTA FE,45108,9.82
439,Energía biogás,Potencia instalada,MW,82,SANTA FE,45139,9.82
439,Energía biogás,Potencia instalada,MW,82,SANTA FE,45170,9.82
439,Energía biogás,Potencia instalada,MW,82,SANTA FE,45200,9.82
439,Energía biogás,Potencia instalada,MW,82,SANTA FE,45231,9.82
439,Energía biogás,Potencia instalada,MW,82,SANTA FE,45261,11.82
439,Energía biogás,Potencia instalada,MW,82,SANTA FE,45292,11.82
439,Energía biogás,Potencia instalada,MW,82,SANTA FE,45323,11.82
439,Energía biogás,Potencia instalada,MW,82,SANTA FE,45352,11.82
439,Energía biogás,Potencia instalada,MW,82,SANTA FE,45383,11.82
439,Energía biogás,Potencia instalada,MW,82,SANTA FE,45413,11.82
439,Energía biogás,Potencia instalada,MW,82,SANTA FE,45444,11.82
439,Energía biogás,Potencia instalada,MW,82,SANTA FE,45474,11.82
439,Energía biogás,Potencia instalada,MW,82,SANTA FE,45505,11.82
439,Energía biogás,Potencia instalada,MW,90,TUCUMAN,43466,0
439,Energía biogás,Potencia instalada,MW,90,TUCUMAN,43497,0
439,Energía biogás,Potencia instalada,MW,90,TUCUMAN,43525,0
439,Energía biogás,Potencia instalada,MW,90,TUCUMAN,43556,0
439,Energía biogás,Potencia instalada,MW,90,TUCUMAN,43586,0
439,Energía biogás,Potencia instalada,MW,90,TUCUMAN,43617,0
439,Energía biogás,Potencia instalada,MW,90,TUCUMAN,43647,0
439,Energía biogás,Potencia instalada,MW,90,TUCUMAN,43678,0
439,Energía biogás,Potencia instalada,MW,90,TUCUMAN,43709,3
439,Energía biogás,Potencia instalada,MW,90,TUCUMAN,43739,3
439,Energía biogás,Potencia instalada,MW,90,TUCUMAN,43770,3
439,Energía biogás,Potencia instalada,MW,90,TUCUMAN,43800,3
439,Energía biogás,Potencia instalada,MW,90,TUCUMAN,43831,3
439,Energía biogás,Potencia instalada,MW,90,TUCUMAN,43862,3
439,Energía biogás,Potencia instalada,MW,90,TUCUMAN,43891,3
439,Energía biogás,Potencia instalada,MW,90,TUCUMAN,43922,3
439,Energía biogás,Potencia instalada,MW,90,TUCUMAN,43952,3
439,Energía biogás,Potencia instalada,MW,90,TUCUMAN,43983,3
439,Energía biogás,Potencia instalada,MW,90,TUCUMAN,44013,3
439,Energía biogás,Potencia instalada,MW,90,TUCUMAN,44044,3
439,Energía biogás,Potencia instalada,MW,90,TUCUMAN,44075,3
439,Energía biogás,Potencia instalada,MW,90,TUCUMAN,44105,3
439,Energía biogás,Potencia instalada,MW,90,TUCUMAN,44136,3
439,Energía biogás,Potencia instalada,MW,90,TUCUMAN,44166,3
439,Energía biogás,Potencia instalada,MW,90,TUCUMAN,44197,3
439,Energía biogás,Potencia instalada,MW,90,TUCUMAN,44228,3
439,Energía biogás,Potencia instalada,MW,90,TUCUMAN,44256,3
439,Energía biogás,Potencia instalada,MW,90,TUCUMAN,44287,3
439,Energía biogás,Potencia instalada,MW,90,TUCUMAN,44317,3
439,Energía biogás,Potencia instalada,MW,90,TUCUMAN,44348,3
439,Energía biogás,Potencia instalada,MW,90,TUCUMAN,44378,3
439,Energía biogás,Potencia instalada,MW,90,TUCUMAN,44409,3
439,Energía biogás,Potencia instalada,MW,90,TUCUMAN,44440,3
439,Energía biogás,Potencia instalada,MW,90,TUCUMAN,44470,3
439,Energía biogás,Potencia instalada,MW,90,TUCUMAN,44501,3
439,Energía biogás,Potencia instalada,MW,90,TUCUMAN,44531,3
439,Energía biogás,Potencia instalada,MW,90,TUCUMAN,44562,3
439,Energía biogás,Potencia instalada,MW,90,TUCUMAN,44593,3
439,Energía biogás,Potencia instalada,MW,90,TUCUMAN,44621,3
439,Energía biogás,Potencia instalada,MW,90,TUCUMAN,44652,3
439,Energía biogás,Potencia instalada,MW,90,TUCUMAN,44682,3
439,Energía biogás,Potencia instalada,MW,90,TUCUMAN,44713,3
439,Energía biogás,Potencia instalada,MW,90,TUCUMAN,44743,3
439,Energía biogás,Potencia instalada,MW,90,TUCUMAN,44774,3
439,Energía biogás,Potencia instalada,MW,90,TUCUMAN,44805,3
439,Energía biogás,Potencia instalada,MW,90,TUCUMAN,44835,3
439,Energía biogás,Potencia instalada,MW,90,TUCUMAN,44866,3
439,Energía biogás,Potencia instalada,MW,90,TUCUMAN,44896,3
439,Energía biogás,Potencia instalada,MW,90,TUCUMAN,44927,3
439,Energía biogás,Potencia instalada,MW,90,TUCUMAN,44958,3
439,Energía biogás,Potencia instalada,MW,90,TUCUMAN,44986,3
439,Energía biogás,Potencia instalada,MW,90,TUCUMAN,45017,3
439,Energía biogás,Potencia instalada,MW,90,TUCUMAN,45047,3
439,Energía biogás,Potencia instalada,MW,90,TUCUMAN,45078,3
439,Energía biogás,Potencia instalada,MW,90,TUCUMAN,45108,3
439,Energía biogás,Potencia instalada,MW,90,TUCUMAN,45139,3
439,Energía biogás,Potencia instalada,MW,90,TUCUMAN,45170,3
439,Energía biogás,Potencia instalada,MW,90,TUCUMAN,45200,3
439,Energía biogás,Potencia instalada,MW,90,TUCUMAN,45231,3
439,Energía biogás,Potencia instalada,MW,90,TUCUMAN,45261,3
439,Energía biogás,Potencia instalada,MW,90,TUCUMAN,45292,3
439,Energía biogás,Potencia instalada,MW,90,TUCUMAN,45323,3
439,Energía biogás,Potencia instalada,MW,90,TUCUMAN,45352,3
439,Energía biogás,Potencia instalada,MW,90,TUCUMAN,45383,3
439,Energía biogás,Potencia instalada,MW,90,TUCUMAN,45413,3
439,Energía biogás,Potencia instalada,MW,90,TUCUMAN,45444,3
439,Energía biogás,Potencia instalada,MW,90,TUCUMAN,45474,3
439,Energía biogás,Potencia instalada,MW,90,TUCUMAN,45505,3
440,Energía biomasa,Generación,MWh,6,BUENOS AIRES,39814,0
440,Energía biomasa,Generación,MWh,6,BUENOS AIRES,39845,0.1
440,Energía biomasa,Generación,MWh,6,BUENOS AIRES,39873,0
440,Energía biomasa,Generación,MWh,6,BUENOS AIRES,39904,0
440,Energía biomasa,Generación,MWh,6,BUENOS AIRES,39934,0
440,Energía biomasa,Generación,MWh,6,BUENOS AIRES,39965,0.01
440,Energía biomasa,Generación,MWh,6,BUENOS AIRES,39995,0
440,Energía biomasa,Generación,MWh,6,BUENOS AIRES,40026,0
440,Energía biomasa,Generación,MWh,6,BUENOS AIRES,40057,0
440,Energía biomasa,Generación,MWh,6,BUENOS AIRES,40087,0
440,Energía biomasa,Generación,MWh,6,BUENOS AIRES,40118,0
440,Energía biomasa,Generación,MWh,6,BUENOS AIRES,40148,0
440,Energía biomasa,Generación,MWh,6,BUENOS AIRES,40179,0
440,Energía biomasa,Generación,MWh,6,BUENOS AIRES,40210,0
440,Energía biomasa,Generación,MWh,6,BUENOS AIRES,40238,0
440,Energía biomasa,Generación,MWh,6,BUENOS AIRES,40269,0
440,Energía biomasa,Generación,MWh,6,BUENOS AIRES,40299,0
440,Energía biomasa,Generación,MWh,6,BUENOS AIRES,40330,0
440,Energía biomasa,Generación,MWh,6,BUENOS AIRES,40360,0
440,Energía biomasa,Generación,MWh,6,BUENOS AIRES,40391,0
440,Energía biomasa,Generación,MWh,6,BUENOS AIRES,40422,0
440,Energía biomasa,Generación,MWh,6,BUENOS AIRES,40452,0
440,Energía biomasa,Generación,MWh,6,BUENOS AIRES,40483,0
440,Energía biomasa,Generación,MWh,6,BUENOS AIRES,40513,0
440,Energía biomasa,Generación,MWh,6,BUENOS AIRES,40544,0
440,Energía biomasa,Generación,MWh,6,BUENOS AIRES,40575,0
440,Energía biomasa,Generación,MWh,6,BUENOS AIRES,40603,0
440,Energía biomasa,Generación,MWh,6,BUENOS AIRES,40634,0
440,Energía biomasa,Generación,MWh,6,BUENOS AIRES,40664,0
440,Energía biomasa,Generación,MWh,6,BUENOS AIRES,40695,0
440,Energía biomasa,Generación,MWh,6,BUENOS AIRES,40725,0
440,Energía biomasa,Generación,MWh,6,BUENOS AIRES,40756,0
440,Energía biomasa,Generación,MWh,6,BUENOS AIRES,40787,20.44
440,Energía biomasa,Generación,MWh,6,BUENOS AIRES,40817,39.23
440,Energía biomasa,Generación,MWh,6,BUENOS AIRES,40848,0
440,Energía biomasa,Generación,MWh,6,BUENOS AIRES,40878,0.03
440,Energía biomasa,Generación,MWh,6,BUENOS AIRES,40909,0.21
440,Energía biomasa,Generación,MWh,6,BUENOS AIRES,40940,10.93
440,Energía biomasa,Generación,MWh,6,BUENOS AIRES,40969,0.9
440,Energía biomasa,Generación,MWh,6,BUENOS AIRES,41000,0
440,Energía biomasa,Generación,MWh,6,BUENOS AIRES,41030,1.48
440,Energía biomasa,Generación,MWh,6,BUENOS AIRES,41061,0.31
440,Energía biomasa,Generación,MWh,6,BUENOS AIRES,41091,10.8
440,Energía biomasa,Generación,MWh,6,BUENOS AIRES,41122,7.85
440,Energía biomasa,Generación,MWh,6,BUENOS AIRES,41153,3.96
440,Energía biomasa,Generación,MWh,6,BUENOS AIRES,41183,0.98
440,Energía biomasa,Generación,MWh,6,BUENOS AIRES,41214,50.64
440,Energía biomasa,Generación,MWh,6,BUENOS AIRES,41244,0
440,Energía biomasa,Generación,MWh,6,BUENOS AIRES,41275,0.05
440,Energía biomasa,Generación,MWh,6,BUENOS AIRES,41306,0.61
440,Energía biomasa,Generación,MWh,6,BUENOS AIRES,41334,0.03
440,Energía biomasa,Generación,MWh,6,BUENOS AIRES,41365,2.01
440,Energía biomasa,Generación,MWh,6,BUENOS AIRES,41395,3.11
440,Energía biomasa,Generación,MWh,6,BUENOS AIRES,41426,0
440,Energía biomasa,Generación,MWh,6,BUENOS AIRES,41456,0
440,Energía biomasa,Generación,MWh,6,BUENOS AIRES,41487,1.59
440,Energía biomasa,Generación,MWh,6,BUENOS AIRES,41518,0.05
440,Energía biomasa,Generación,MWh,6,BUENOS AIRES,41548,0.14
440,Energía biomasa,Generación,MWh,6,BUENOS AIRES,41579,6.19
440,Energía biomasa,Generación,MWh,6,BUENOS AIRES,41609,0.68
440,Energía biomasa,Generación,MWh,6,BUENOS AIRES,41640,0.06
440,Energía biomasa,Generación,MWh,6,BUENOS AIRES,41671,0
440,Energía biomasa,Generación,MWh,6,BUENOS AIRES,41699,0
440,Energía biomasa,Generación,MWh,6,BUENOS AIRES,41730,0.36
440,Energía biomasa,Generación,MWh,6,BUENOS AIRES,41760,0
440,Energía biomasa,Generación,MWh,6,BUENOS AIRES,41791,0
440,Energía biomasa,Generación,MWh,6,BUENOS AIRES,41821,2.6
440,Energía biomasa,Generación,MWh,6,BUENOS AIRES,41852,2.23
440,Energía biomasa,Generación,MWh,6,BUENOS AIRES,41883,0.84
440,Energía biomasa,Generación,MWh,6,BUENOS AIRES,41913,1.75
440,Energía biomasa,Generación,MWh,6,BUENOS AIRES,41944,11.39
440,Energía biomasa,Generación,MWh,6,BUENOS AIRES,41974,19.67
440,Energía biomasa,Generación,MWh,6,BUENOS AIRES,42005,1.88
440,Energía biomasa,Generación,MWh,6,BUENOS AIRES,42036,0
440,Energía biomasa,Generación,MWh,6,BUENOS AIRES,42064,0.53
440,Energía biomasa,Generación,MWh,6,BUENOS AIRES,42095,0
440,Energía biomasa,Generación,MWh,6,BUENOS AIRES,42125,1.33
440,Energía biomasa,Generación,MWh,6,BUENOS AIRES,42156,2.07
440,Energía biomasa,Generación,MWh,6,BUENOS AIRES,42186,0.17
440,Energía biomasa,Generación,MWh,6,BUENOS AIRES,42217,1.33
440,Energía biomasa,Generación,MWh,6,BUENOS AIRES,42248,0.07
440,Energía biomasa,Generación,MWh,6,BUENOS AIRES,42278,12.39
440,Energía biomasa,Generación,MWh,6,BUENOS AIRES,42309,21.33
440,Energía biomasa,Generación,MWh,6,BUENOS AIRES,42339,111.61
440,Energía biomasa,Generación,MWh,6,BUENOS AIRES,42370,161.08
440,Energía biomasa,Generación,MWh,6,BUENOS AIRES,42401,11.04
440,Energía biomasa,Generación,MWh,6,BUENOS AIRES,42430,13.02
440,Energía biomasa,Generación,MWh,6,BUENOS AIRES,42461,7.53
440,Energía biomasa,Generación,MWh,6,BUENOS AIRES,42491,3.66
440,Energía biomasa,Generación,MWh,6,BUENOS AIRES,42522,1.07
440,Energía biomasa,Generación,MWh,6,BUENOS AIRES,42552,3.23
440,Energía biomasa,Generación,MWh,6,BUENOS AIRES,42583,3.58
440,Energía biomasa,Generación,MWh,6,BUENOS AIRES,42614,11.44
440,Energía biomasa,Generación,MWh,6,BUENOS AIRES,42644,2
440,Energía biomasa,Generación,MWh,6,BUENOS AIRES,42675,0
440,Energía biomasa,Generación,MWh,6,BUENOS AIRES,42705,1.46
440,Energía biomasa,Generación,MWh,6,BUENOS AIRES,42736,2.4
440,Energía biomasa,Generación,MWh,6,BUENOS AIRES,42767,16.19
440,Energía biomasa,Generación,MWh,6,BUENOS AIRES,42795,2.27
440,Energía biomasa,Generación,MWh,6,BUENOS AIRES,42826,14.76
440,Energía biomasa,Generación,MWh,6,BUENOS AIRES,42856,1.16
440,Energía biomasa,Generación,MWh,6,BUENOS AIRES,42887,10.06
440,Energía biomasa,Generación,MWh,6,BUENOS AIRES,42917,5.6
440,Energía biomasa,Generación,MWh,6,BUENOS AIRES,42948,8.8
440,Energía biomasa,Generación,MWh,6,BUENOS AIRES,42979,3.06
440,Energía biomasa,Generación,MWh,6,BUENOS AIRES,43009,0
440,Energía biomasa,Generación,MWh,6,BUENOS AIRES,43040,0
440,Energía biomasa,Generación,MWh,6,BUENOS AIRES,43070,2.24
440,Energía biomasa,Generación,MWh,6,BUENOS AIRES,43101,0
440,Energía biomasa,Generación,MWh,6,BUENOS AIRES,43132,0
440,Energía biomasa,Generación,MWh,6,BUENOS AIRES,43160,0.22
440,Energía biomasa,Generación,MWh,6,BUENOS AIRES,43191,0
440,Energía biomasa,Generación,MWh,6,BUENOS AIRES,43221,0.23
440,Energía biomasa,Generación,MWh,6,BUENOS AIRES,43252,0.25
440,Energía biomasa,Generación,MWh,6,BUENOS AIRES,43282,0.14
440,Energía biomasa,Generación,MWh,6,BUENOS AIRES,43313,0
440,Energía biomasa,Generación,MWh,6,BUENOS AIRES,43344,0.06
440,Energía biomasa,Generación,MWh,6,BUENOS AIRES,43374,0
440,Energía biomasa,Generación,MWh,6,BUENOS AIRES,43405,4.61
440,Energía biomasa,Generación,MWh,6,BUENOS AIRES,43435,0
440,Energía biomasa,Generación,MWh,6,BUENOS AIRES,43466,31.72
440,Energía biomasa,Generación,MWh,6,BUENOS AIRES,43497,28.83
440,Energía biomasa,Generación,MWh,6,BUENOS AIRES,43525,67.09
440,Energía biomasa,Generación,MWh,6,BUENOS AIRES,43556,7.37
440,Energía biomasa,Generación,MWh,6,BUENOS AIRES,43586,5.72
440,Energía biomasa,Generación,MWh,6,BUENOS AIRES,43617,7.12
440,Energía biomasa,Generación,MWh,6,BUENOS AIRES,43647,9
440,Energía biomasa,Generación,MWh,6,BUENOS AIRES,43678,0.42
440,Energía biomasa,Generación,MWh,6,BUENOS AIRES,43709,0
440,Energía biomasa,Generación,MWh,6,BUENOS AIRES,43739,0.09
440,Energía biomasa,Generación,MWh,6,BUENOS AIRES,43770,1.36
440,Energía biomasa,Generación,MWh,6,BUENOS AIRES,43800,2.63
440,Energía biomasa,Generación,MWh,6,BUENOS AIRES,43831,1.72
440,Energía biomasa,Generación,MWh,6,BUENOS AIRES,43862,2.03
440,Energía biomasa,Generación,MWh,6,BUENOS AIRES,43891,7.15
440,Energía biomasa,Generación,MWh,6,BUENOS AIRES,43922,0.09
440,Energía biomasa,Generación,MWh,6,BUENOS AIRES,43952,0.05
440,Energía biomasa,Generación,MWh,6,BUENOS AIRES,43983,0.06
440,Energía biomasa,Generación,MWh,6,BUENOS AIRES,44013,0.95
440,Energía biomasa,Generación,MWh,6,BUENOS AIRES,44044,0
440,Energía biomasa,Generación,MWh,6,BUENOS AIRES,44075,0.06
440,Energía biomasa,Generación,MWh,6,BUENOS AIRES,44105,0
440,Energía biomasa,Generación,MWh,6,BUENOS AIRES,44136,13.84
440,Energía biomasa,Generación,MWh,6,BUENOS AIRES,44166,0
